Release Order,OEM,Device,Date,Summary,Score,Note,Scorecard Version
155,Google,Pixel 9,2024,"+ Screen repairs are prioritized, and all other parts are under the back glass—which doesn’t require heat to remove.
+ Google supports their phones with free, comprehensive service manuals and a wide selection of replacement parts.
- The battery is stubbornly glued down, and USB-C port repairs require removing the fragile display.
- No clips or fasteners secure the screen or back glass—you’ll need to source replacement adhesive for every repair.",5,,2.0
154,Google,Pixel 9 Pro,2024,"+ Screen repairs are prioritized, and all other parts are under the back glass—which doesn’t require heat to remove.
+ Google supports their phones with free, comprehensive service manuals and a wide selection of replacement parts.
- The battery is stubbornly glued down, and USB-C port repairs require removing the fragile display.
- No clips or fasteners secure the screen or back glass—you’ll need to source replacement adhesive for every repair.",5,,2.0
153,Google,Pixel 9 Pro XL,2024,"+ Screen repairs are prioritized, and all other parts are under the back glass—which doesn’t require heat to remove.
+ Google supports their phones with free, comprehensive service manuals and a wide selection of replacement parts.
- The battery is stubbornly glued down, and USB-C port repairs require removing the fragile display.
- No clips or fasteners secure the screen or back glass—you’ll need to source replacement adhesive for every repair.",5,,2.0
152,Google,Pixel 9 Pro Fold,2024,"+ Getting repairs started is easier thanks to outer display and back glass adhesives that release without heat.
+ Google provides a free, comprehensive service manual, replacement parts, and software calibration tools for end users.
- All repairs require carefully de-gluing (and later re-gluing) the outer display and/or back cover.
- Foldable smartphone repairs in general present challenges due to the inherent complexity of the product.",4,,2.0
151,Apple,iPhone 16,2024,"+ Great design prioritizes screen repairs while giving access to all other parts through the back glass.
+ A novel electrically-releasing adhesive streamlines battery replacements.
- Four different screw types and the continued reliance on adhesives complicate basic repairs.",7,,1.9
150,Apple,iPhone 16 Plus,2024,"+ Great design prioritizes screen repairs while giving access to all other parts through the back glass.
+ A novel electrically-releasing adhesive streamlines battery replacements.
- Four different screw types and the continued reliance on adhesives complicate basic repairs.",7,,1.9
149,Apple,iPhone 16 Pro,2024,"+ Great design prioritizes screen repairs while giving access to all other parts through the back glass.
+ Screws and clips aid reassembly, whether you replace the adhesives or not.
- Four different screw types and the continued reliance on adhesives complicate basic repairs.",7,,1.9
148,Apple,iPhone 16 Pro Max,2024,"""+ Great design prioritizes screen repairs while giving access to all other parts through the back glass.
+ Screws and clips aid reassembly, whether you replace the adhesives or not.
- Four different screw types and the continued reliance on adhesives complicate basic repairs.""",7,,1.9
147,HMD,Skyline,2024,"+ Getting the device open is easy thanks to a novel camshaft mechanism.
+ Screen and battery repairs are well-prioritized.
+ HMD support offers replacement parts and repair instructions for common repairs.
- Battery adhesive, though mild, requires some extra effort to clean and replace during a repair.",9,,1.9
146,Google,Pixel Fold,2023,"+ Google provides a free, comprehensive service manual.
+ Genuine replacement parts and software calibration tools are available for end users.
- All repairs require carefully de-gluing (and later re-gluing) the outer display and/or back cover.
- Foldable smartphone repairs in general present challenges due to the inherent complexity of the product.",3,,1.7
145,Google,Pixel 8,2023,"+ Google provides a free public service manual and offers OEM replacement parts for common repairs.
+ The display is well-prioritized, and secures with clips even when replacement adhesive isn’t available.
The battery is stubbornly glued down, and the soldered charge port can’t be easily replaced.",6,,1.6
144,Google,Pixel 8 Pro,2023,"+ Google provides a free public service manual and offers OEM replacement parts for common repairs.
+ The display is well-prioritized, and secures with clips even when replacement adhesive isn’t available.
The battery is stubbornly glued down, and the soldered charge port can’t be easily replaced.",6,,1.6
143,Apple,iPhone 15,2023,"+ Great design prioritizes screen repairs while giving access to all other parts thru the back glass.
+ Screws and clips aid reassembly, whether you replace the adhesives or not.
- DIY repairs are hobbled by pervasive parts pairing and deterrent messaging.",7,Revised,1.6
142,Apple,iPhone 15 Plus,2023,"+ Great design prioritizes screen repairs while giving access to all other parts thru the back glass.
+ Screws and clips aid reassembly, whether you replace the adhesives or not.
- DIY repairs are hobbled by pervasive parts pairing and deterrent messaging.",7,Revised,1.6
141,Apple,iPhone 15 Pro,2023,"+ Display and battery replacements remain a priority in the design.
+ Previously irreplaceable back glass is now immediately replaceable.
- Proprietary screws and parts pairing can foil many repairs.",7,Revised,1.6
140,Apple,iPhone 15 Pro Max,2023,"+ Display and battery replacements remain a priority in the design.
+ Previously irreplaceable back glass is now immediately replaceable.
- Proprietary screws and parts pairing can foil many repairs.",7,Revised,1.6
139,Fairphone,5,2023,"+ Easy to disassemble/reassemble with basic tools—no adhesive blocks the way.
+ End users can replace the battery in a few seconds.
+ Fairphone provides a DIY service manual and offers original replacement parts.",10,,1.6
138,Google,Pixel 7a,2023,"• Google offers a free service manual and a limited set of replacement parts.
• The screen and back cover are well-prioritized for repair, but secured only with adhesive.
- The glued-down battery can be tough to access, and the soldered charge port is impractical to repair.",5,,1.6
137,Nokia,G22,2023,"+ Easily pried open for repairs, with no adhesive mess.
+ Battery replacements are well-prioritized in the design.
+ Nokia supplies parts & guides for four of the most common repairs.
- Screen repairs are do-able, but not well prioritized.",8,,1.6
136,Samsung,Galaxy S23 Ultra,2023,"+ Standard Phillips screws throughout the phone.
- The battery is still strongly glued down—the new pull tab helps only marginally.
- Screen repairs require a lot of disassembly while battling tough adhesive.",4,Provisional,1.6
135,Google,Pixel 7,2022,"+ Clips securing the display make for reliable reassembly, even when replacement adhesive isn’t available.
• Google provides no service manual, but does offer a limited set of replacement parts.
- The soldered charge port and fragile back glass are impractical to repair.",5,,1.6
134,Google,Pixel 7 Pro,2022,"+ Clips securing the display make for reliable reassembly, even when replacement adhesive isn’t available.
- The glued-down battery can be tough to access, and the soldered charge port is impractical to repair.
• Google provides no service manual, but does offer a limited set of replacement parts.",5,,1.6
133,Apple,iPhone 14,2022,"+ Display and battery replacements remain a priority in the design.
+ Previously irreplaceable back glass is now immediately replaceable.
- Proprietary screws and parts pairing can foil many repairs.",4,Revised,1.6
132,Apple,iPhone 14 Plus,2022,"+ Display and battery replacements remain a priority in the design.
+ Previously irreplaceable back glass is now immediately replaceable.
- Proprietary screws and parts pairing can foil many repairs.",4,Revised,1.4
131,Apple,iPhone 14 Pro,2022,"+ Display and battery replacements remain a priority in the design.
+ Most other components are modular and straightforward to access or replace.
- Unlike in the non-Pro models, there’s still no good way to replace the rear glass.",4,Revised,1.4
130,Apple,iPhone 14 Pro Max,2022,"+ Display and battery replacements remain a priority in the design.
+ Most other components are modular and straightforward to access or replace.
- Unlike in the non-Pro models, there’s still no good way to replace the rear glass.",4,Revised,1.4
129,Google,Pixel 6a,2022,"+ Display and battery repairs are well-prioritized, but complicated by reliance on adhesives.
- The soldered charge port and glued back glass are impractical to repair.
• Google provides no service manual, but does offer a limited set of replacement parts.",5,,1.6
128,Samsung,Galaxy S22,2022,"+ Standard Phillips screws throughout the phone.
- The battery is strongly glued and requires extensive disassembly to service.
- Screen repairs require a lot of disassembly while battling tough adhesive.",3,,1.4
127,Samsung,Galaxy S22 Ultra,2022,"+ Standard Phillips screws throughout the phone.
- The battery is strongly glued and requires extensive disassembly to service.
- Screen repairs require a lot of disassembly while battling tough adhesive.",3,,1.4
126,Fairphone,4,2021,"+ The pop-out battery can be replaced in seconds, with no tools required.
+ Display repairs are easy and well-prioritized.
+ The OEM supports all common repairs with clear instructions and publicly available replacement parts.",10,,1.4
125,Google,Pixel 6,2021,"+ The display is straightforward to remove and replace.
+ Many components are highly modular, and standard T3 screws are used throughout.
- The strongly adhered battery is difficult to replace.",6,,1.3
124,Google,Pixel 6 Pro,2021,"+ Many components are highly modular, and standard T3 screws are used throughout.
• Display repairs can be challenging, but free public software helps with calibration.
- Replacing the glued battery is tough work, and the charge port is soldered.",5,,1.4
123,Apple,iPhone 13 Pro,2021,"+ Display and battery replacements remain a priority in the new iPhones' design.
+ Most other components are modular and easy to access or replace.
- Once again, double glass means double drop damage, and despite the improvements to durability over the years, there’s still no easy way to replace the rear glass.",6,,1.4
122,Google,Pixel 5a,2021,"+ Many components are modular and can be replaced independently.
+ Battery repairs are reasonably well-prioritized, but tricky adhesive complicates repairs.
- The charging port, a high-wear part, is not modular and repair requires a full motherboard replacement.",6,,1.2
121,Mi,11,2021,"+ Only one standard Phillips screwdriver is needed.
- The glass body makes drop damage more likely, and the curved glass requires special tools or is likely to break during repairs.
- To replace the in-display fingerprint sensor, you'll need to remove the whole display—which can result in a broken screen.",4,,1.0
120,Huawei,Mate 40 Pro,2020,"+ Huawei uses standard Phillips screws throughout the phone.
- Glass on front and back doubles the likelihood of drop damage.
- The display adhesive is insanely strong.",4,,1.0
119,Apple,iPhone 12 Pro Max,2020,"+ Screen and battery remain prioritized and reasonably accessible for replacement.
+ Most components are fairly modular and replaceable.
- The glass back makes drops even more dangerous and requires a full case replacement if it breaks.",6,,1.0
118,Apple,iPhone 12 mini,2020,"+ The two most common smartphone repairs—display and battery—are well-prioritized here.
+ Most major components are modular enough to be accessed/replaced independently.
- Glass covering the rear housing is fragile and impractical to replace—a single drop could necessitate replacing the entire body of the iPhone.",6,,1.0
117,Apple,iPhone 12 Pro,2020,"+ Display and battery replacements remain a priority in the new iPhones' design.
+ Most other important components are modular and easy to access or replace.
- Glass on front and back doubles the likelihood of drop damage—and if the back glass breaks, you'll be removing every component and replacing the entire chassis.",6,,1.0
116,Google,Pixel 5,2020,"+ Many components are modular and can be replaced independently.
+ Battery repairs are reasonably well-prioritized, but tricky adhesive complicates repairs.
- The charging port, a high-wear part, is not modular; this repair requires microsoldering or a full motherboard replacement.",6,,1.0
115,Microsoft,Surface Duo,2020,"- Batteries are glued and require extensive disassembly to service.
- The USB-C port is soldered directly to the main board.
- Uncommon tri-point screws secure key components.",2,,1.0
114,Google,Pixel 4a,2020,"+ Most components are modular and independently replaceable.
+ Repair-friendly stretch-release adhesive secures the battery, and is easy to release successfully.
• The display comes off first, but is fragile and poorly protected. Foam adhesive makes the opening process relatively easy.",6,,1.0
113,Samsung,Galaxy Note 20 Ultra,2020,"+ You'll only need one screwdriver, a standard Phillips.
- Battery replacement remains far too difficult for a consumable component.
- Screen repairs are tedious, poorly prioritized, and unnecessarily expensive.",3,,1.0
112,Apple,iPhone SE 2020,2020,"+ The two most commonly replaced components, display and battery, remain straightforward to access with the proper knowledge and tools.
+ Most components are modular and independently replaceable, including many that are cross-compatible with iPhone 8.
- The fragile glass back is impractical to replace.",6,,1.0
111,Samsung,Galaxy A51,2020,"+ A single Phillips driver takes care of all the screws.
• The plastic back cover is glued in place, but can be removed fairly easily with heat.
- Screen repairs require a lot of disassembly while battling tough adhesive.",4,,1.0
110,Samsung,Galaxy S20 Ultra,2020,"+ The fasteners, all identical Phillips screws, only require one driver and can't be mixed up, simplifying repair.
- Every repair starts with painstakingly un-gluing the fragile glass rear cover.
- Replacing the glued-down battery is tougher than ever, especially with board interconnect cables to work around.",3,,1.0
109,Samsung,Galaxy Z Flip,2020,"- Glued-down glass panels are an unnecessary barrier to entry for repairs, especially given the phone's lack of ingress protection.
- Battery replacements are possible, but unnecessarily difficult due to poorly-routed cables and the lack of stretch-release adhesive.
- The components involved in the folding process are likely to wear over time (even if you don't bathe them in purple dust), necessitating eventual replacement.",2,,1.0
108,Motorola,razr,2020,"- Every repair starts (and ends) with stubborn, glued-on outer covers.
- Replacing the battery—or rather, batteries—requires near-total disassembly.
- The charging port is soldered directly to the main board.",1,,1.0
107,Google,Pixel 4 XL,2019,"+ All screws are standard T3 Torx fasteners.
- Display repairs continue to be difficult, requiring complete disassembly of the phone.
- All repairs require access through the stubbornly-glued back panel.",4,,1.0
106,Apple,iPhone 11,2019,"+ The prioritized display makes replacement of this critical component easier than in other devices.
+ Display swaps don’t require too much hardware swapping to maintain Face ID.
- Front and back glass doubles the chances of breakage, and the rear glass can only be fully replaced with a complete housing swap.",6,,1.0
105,Apple,iPhone 11 Pro Max,2019,"+ Critical display and battery repairs remain a priority in the iPhone's design.
+ The battery procedure has been simplified and many components are accessible independently.
- Glass on front and back doubles the likelihood of drop damage—and if the back glass breaks, you'll be removing every component and replacing the entire chassis.",6,,1.0
104,Fairphone,3,2019,"+ Key components like the battery and screen have been prioritized in the design and are accessible either without tools or just a regular Phillips screwdriver.
+ Visual cues inside the phone help with disassembling and replacing its parts and modules.
+ Replacing complete modules is very easy. Going for their internal parts is also possible and requires a Torx screwdriver.",10,,1.0
103,Samsung,Galaxy Note10 Plus 5G,2019,"+ Equally-sized Phillips fasteners means you only need to bring one driver for repairs.
- Every repair starts with painstakingly un-gluing the fragile glass rear cover.
- Replacing the glued-down battery is tougher than ever, especially with board interconnect cables to work around.",3,,1.0
102,Shift,6m,2019,"+ Battery and screen repairs are prioritized.
+ Only one type of screw head and length are used throughout the phone.
+ Most components are modular and can be replaced individually.",9,,1.0
101,Huawei,Mate 20 X 5G,2019,"+ Many components are modular and can be replaced independently.
- Glued-down front and back glass means greater risk of breakage, while making all repairs difficult to start.
- Screen repairs will require near-complete disassembly.",4,,1.0
100,Google,Pixel 3a,2019,"+ Most components are modular and can be easily replaced once the display assembly is removed.
+ Repair-friendly stretch-release adhesive secures the battery.
- The myriad long, thin ribbon cables connecting the internal componentry can be obnoxious to work around, and are easy to accidentally tear.",6,,1.0
99,Google,Pixel 3a XL,2019,"+ Most components are modular and can be easily replaced once the display assembly is removed.
+ Repair-friendly stretch-release adhesive secures the battery.
- The myriad long, thin ribbon cables connecting the internal componentry can be obnoxious to work around, and are easy to accidentally tear.",6,,1.0
98,Samsung,Galaxy Fold,2019,"- The mechanics involved in the fold are likely to wear over time, causing stress to hinges and display, necessitating eventual replacement.
- The fragility of the main display means you'll almost certainly be replacing it before long—a pricey repair.
- Battery replacements are possible, but unnecessarily difficult—solvents help, but risk damage to the display supports.",2,,1.0
97,Samsung,Galaxy S10,2019,"+ A single Phillips driver takes care of all the screws.
- Battery replacement is possible, but still unnecessarily difficult.
- Glued-down glass both front and back means greater risk of breakage, and makes repairs difficult to start.",3,,1.0
96,Huawei,Mate 20 Pro,2018,"+ Many components are modular and can be replaced independently.
- Glued-down front and back glass means greater risk of breakage while making repairs difficult to start.
- Screen repairs require a lot of disassembly while battling tough adhesive.",4,,1.0
95,Apple,iPhone XR,2018,"+ The display-first opening procedure and easy access to the battery remain design priorities.
+ A broken display can be replaced with minimal hardware removal, and with a little care you can preserve Face ID.
- Glass on front and back doubles the crackability—and broken back glass requires an entire chassis replacement.",6,,1.0
94,Google,Pixel 3 XL,2018,"+ The only screws are standard T3 Torx fasteners.
- Display repairs are much more difficult than previous models, requiring complete disassembly of the phone.
- To service any component, you'll have to painstakingly un-glue (and later re-glue) the glass rear panel.",4,,1.0
93,Google,Pixel 3,2018,"+ The only screws are standard T3 Torx fasteners.
- Display repairs are much more difficult than previous models, requiring complete disassembly of the phone.
- To service any component, you'll have to painstakingly un-glue (and later re-glue) the glass rear panel.",4,,1.0
92,Apple,iPhone XS,2018,"+ Critical display and battery repairs remain a priority in the iPhone's design.
+ A broken display can be replaced without removing the biometric Face ID hardware.
- Glass on front and back doubles the likelihood of drop damage—and if the back glass breaks, you'll be removing every component and replacing the entire chassis.",6,,1.0
91,Nokia,8110 4G,2018,"+ For the most part disassembly is extremely simple with only plastic clips, and standard Torx screws holding the phone together.
+ The battery is easy to access and replace
- Several main components such as headphone jack, SD card slot, Micro USB port and vibrator are soldered to the motherboard.",8,,1.0
90,LG,G7 Thin Q,2018,"+ Lots of components are modular and can be replaced independently.
- Front and back glass make for double the crackability, and strong adhesive on both makes it tough to access the internals for any repair.
- Screen repair, the most common type repair, is not prioritized, requiring an almost complete disassembly while battling tough adhesive.",4,,1.0
89,OnePlus,6,2018,"+ The battery can be accessed almost the moment you open the phone, and is only lightly adhered in place. Plus, there's a convenient pull tab.
- Display replacement, the most common repair, is not prioritized in the design and will take a lot of work.
- Front and back glass means twice the risk of cracks—without even the benefit of wireless charging.",5,,1.0
88,Huawei,P20 Pro,2018,"+ Many components are modular and can be replaced independently.
- Double the risk for breakage with glass front and back.
- Replacing the screen requires going through at least two layers of adhesive and some disassembly.",4,,1.0
87,Samsung,Galaxy S9 Plus,2018,"+ Many components are modular and can be replaced independently.
- Glued-down glass both front and back means greater risk of breakage, and makes repairs difficult to start.
- Screen repairs require a lot of disassembly while battling tough adhesive.",4,,1.0
86,Samsung,Galaxy S9,2018,"+ Many components are modular and can be replaced independently.
- Glued-down glass both front and back means greater risk of breakage, and makes repairs difficult to start.
- Screen repairs require a lot of disassembly while battling tough adhesive.",4,,1.0
85,Apple,iPhone X,2017,"+ Display and battery repairs remain a priority in the iPhone's design.
+ A cracked display can be replaced without removing the biometric Face ID hardware.
- Fussy cables tie unrelated components together into complex assemblies—expensive and troublesome to replace.",6,,1.0
84,Google,Pixel 2 XL,2017,"+ Many components are modular and can be replaced once the display assembly is removed.
+ All of the screws are common Phillips #00 screws, and there are only 9 of them.
- The battery's loss of pull-tab adhesive, plus tightly walled-in placement, makes it much harder to remove.",6,,1.0
83,Google,Pixel 2,2017,"+ Front panel is fairly easy to remove and replace.
+ Standard screws used throughout.
- Cable placement makes battery removal more difficult than necessary.",6,,1.0
82,Huawei,Mate 10 Pro,2017,"+ Despite the IP67-rated seals, the back cover is fairly easy to open.
- A damaged  front camera means switching the whole display including the frame, or damaging the display while trying to remove it.
- And replacing the display—the most common repair—means taking out almost every component.",4,,1.0
81,Apple,iPhone 8,2017,"+ The two most commonly replaced components, display and battery, remain straightforward to access with the proper knowledge and tools.
+ The addition of wireless charging means less strain on your Lightning port, a common point of failure.
- The durability of the glass back remains to be seen—but replacements are likely to be very difficult.",6,,1.0
80,Apple,iPhone 8 Plus,2017,"+ The display and battery are straightforward to access—with the proper knowledge and tools.
+ Wireless charging means less wear on the all-purpose Lightning port, a common point of failure.
- Despite alleged durability, the back glass is breakable and next to impossible to replace when cracked.",6,,1.0
79,Samsung,Galaxy Note8,2017,"+ Many components, including all of those that experience wear, are modular and can be replaced independently.
- All repairs require removing the glass rear panel, which is challenging due to the large amount of adhesive.
- Replacing the display requires removing the glass rear panel and the display, both of which are fragile and secured with strong adhesive.",4,,1.0
78,Essential,Phone,2017,"- The USB-C port is soldered to the motherboard, and with no headphone jack it'll be subject to extra wear.
- Nearly invisible seams and copious adhesive means any attempt at repair is likely to inflict as much damage as it fixes.
- Did we mention we had to freeze it?",1,,1.0
77,Samsung,Galaxy Note Fan Edition,2017,"+ Many components are modular and can be replaced independently.
- Front and back glass make for double the crackability, and strong adhesive on the rear glass makes it very difficult to gain entry into the device.
- Because of the curved screen, replacing the front glass without destroying the display is probably impossible.",4,,1.0
76,OnePlus,5,2017,"+ There are no proprietary screws.
+ The OnePlus 5’s display is held on by easy to dispatch reusable plastic clips.
- The display and glass are fused and the home button is integrated into the display assembly making repair of all three of these parts more complicated and expensive.",7,,1.0
75,Samsung,Galaxy S8 Plus,2017,"+ Many components are modular and can be replaced independently.
- Front and back glass make for double the crackability, and strong adhesive on both makes it tough to access the internals for any repair.
- Because of the curved screen, replacing the front glass without destroying the display is extremely difficult.",4,,1.0
74,Samsung,Galaxy S8,2017,"+ Lots of components are modular and can be replaced independently.
- Front and back glass make for double the crackability, and strong adhesive on both makes it tough to access the internals for any repair.
- Because of the curved screen, replacing the front glass without destroying the display is extremely difficult.",4,,1.0
73,LG,G6,2017,"+ Standard Phillips screws used, very sparingly, throughout.
• The battery can be replaced, but tough adhesive and a glued-on rear panel make it unnecessarily difficult.
- Front and back glass doubles the crackability, and strong adhesive on both makes it tough to begin any repair.",5,,1.0
72,Huawei,Mate 9,2016,"+ Most of the components—like both camera units, the loudspeaker, and the USB board—can be replaced. Even the proximity sensor and the NFC antenna are modular.
• The battery is trapped behind some flex cables and is glued tightly into place, but still can be swapped out when its power starts to fade away.
- Replacing a broken display, one of the most common repairs, will be one of the most difficult ones on this phablet.",5,,1.0
71,Google,Pixel XL,2016,"+ Many components are modular and can easily be replaced once the display assembly is removed.
+ The battery has a removal tab and is adhered by a modest amount of adhesive, making its removal painless.
- The opening procedure requires prying up a thin, poorly-supported display assembly making it difficult to open the phone without damage.",7,,1.0
70,Google,Pixel,2016,"+ The battery is secured with removable adhesive tabs, making replacement simple.
+ Many components are modular and can be replaced independently.
- The fused display is thin and unsupported, and must be removed to access any other component.",7,,1.0
69,Apple,iPhone 7,2016,"+ The battery is straightforward to access. Removing it requires specialty screwdrivers and knowledge of the adhesive removal technique, but is not difficult.
+ The solid state home button eliminates a common point of failure.
- With the addition of tri-point screws, many iPhone 7 repairs will require up to four different types of drivers.",7,,1.0
68,Apple,iPhone 7 Plus,2016,"+ The battery is straightforward to access. Removing it requires specialty screwdrivers and knowledge of the adhesive removal technique, but is not difficult.
+ The solid state home button eliminates a common point of failure.
- With the addition of tri-point screws, many iPhone 7 Plus repairs will require up to four different types of drivers.",7,,1.0
67,Sony,Xperia X Compact,2016,"+ Modular design allows for replacement of many individual components.
• Battery is fairly easy to access and remove, but requires removal of the delicate NFC antenna to replace.
- The fused display assembly is strongly adhered to the midframe and requires disassembling the entire phone to replace.",6,,1.0
66,Moto,Z,2016,"+ Pull-tab on battery, easy to access once you have the device open.
• Display is adhered in place with no external fasteners, but the adhesive is weak enough to easily separate after heating.
- Charging port soldered to the motherboard means a common repair will be very expensive.",7,,1.0
65,Samsung,Galaxy Note7,2016,"+ Many components are modular and can be replaced independently.
- Front and back glass make for double the crackability, and strong adhesive on the rear glass makes it very difficult to gain entry into the device.
- Because of the curved screen, replacing the front glass without destroying the display is probably impossible.",4,,1.0
64,Asus,Zenfone 3 Max,2016,"+ Battery is easily accessible and removable.
• Parts could be more modular, especially mechanical/high wear components.
- The opening procedure is extremely tough, clips are stiff and likely to be broken, and the SIM slot bends easily.",6,,1.0
63,Meizu,MX6,2016,"+ The display assembly is the first component out, simplifying screen repairs.
+ Modular components with spring contacts, large screws, and thoughtful cabling all make repair cheaper and easier.
- The MX6 uses Pentalobe security screws on the exterior, requiring a specialty screwdriver to open the phone before any repair.",7,,1.0
62,LG,G5,2016,"+ The user-removable, slide-out battery is a huge boon to phone lifespan.
+ No glue and few screws make for a relatively simple opening procedure.
- The fused display assembly will need to be replaced if the LCD or glass breaks, increasing costs.",8,,1.0
61,Vivo,X7 Plus,2016,"+ Battery is fairly easily accessible and removable.
• The opening procedure is very tough, but easier than on the smaller model.
- The single unit display assembly is annoying to reach, and will be a costly part.",7,,1.0
60,Vivo,X7,2016,"+ Battery is fairly easily accessible and removable.
• Parts could be more modular, especially mechanical/high wear components.
- The opening procedure is extremely tough, clips are very stiff and likely to be broken.",6,,1.0
59,Huawei,P9,2016,"+ Modular components with spring contacts, thoughtful cabling, and minimal adhesive all make repair cheaper and easier.
+ The battery is straightforward to access. Removing it requires knowledge of the adhesive removal technique, but is not difficult.
- The display assembly is a fused unit, and replacement requires near complete disassembly of the phone.",7,,1.0
58,Xiaomi,Mi 5,2016,"+ The motherboard and battery can be replaced independently and easily.
• All screws are standard Phillips screws, but removing them will void your warranty.
- The display is difficult to replace, requiring complete disassembly and purchasing consumables.",6,,1.0
57,Apple,iPhone SE,2016,"+ The display assembly is the first component out of the phone, simplifying screen replacements.
+ The battery is fairly easy to access, even though it's not technically ""user replaceable.""
- The Touch ID cable could be easily ripped out of its socket if a user is not careful when opening the phone.",6,,1.0
56,Oppo,R9m,2016,"+ Battery is fairly easily accessible and removable.
+ Most components are extremely modular making for cheaper repairs.
- The opening procedure is extremely tough, clips are very stiff and likely to be broken.",7,,1.0
55,Samsung,Galaxy S7,2016,"+ Many components are modular and can be replaced independently.
- The display needs to be removed (and likely destroyed) if you want to replace the USB port.
- Front and back glass make for double the crackability, and strong adhesive on the rear glass makes it very difficult to gain entry into the device.",3,,1.0
54,Samsung,Galaxy S7 Edge,2016,"+ Many components are modular and can be replaced independently.
- The display needs to be removed (and likely destroyed) if you want to replace the USB port.
- Front and back glass make for double the crackability, and strong adhesive on the rear glass makes it very difficult to gain entry into the device.",3,,1.0
53,Lenovo,K5 Note,2015,"+ Battery is replaceable with just a couple of tools.
• Some parts are modular, but high-wear components like the headphone jack and charge port are not.
- Replacing the display assembly requires removing every other component from the device first.",6,,1.0
52,Fairphone,2,2015,"+ The most commonly failing components, battery and display, can be replaced without tools.
+ Internal modules are secured with Phillips #0 screws and simple spring connectors.
+ Individual modules can be opened, and many components can be individually replaced.",10,,1.0
51,Huawei,Mate 8,2015,"+ Opening the phone requires only a Torx screwdriver and a prying tool (No adhesive holding it together).
• The battery does have a pull tab adhesive strip, but there is a second adhesive strip that does not have a tab.
- LCD Display is integrated into the front case. While the replacement process is pretty straightforward, you’ll still need to pick every component off the frame and likely pay more to replace this non-modular component.",6,,1.0
50,Xiaomi,Redmi Note 3,2015,"+ Despite no external screws, the rear case is fairly easy to remove.
+ Modular design with charging port on its own daughterboard means many components can be independently replaced.
- Display assembly is a single fused component, that requires disassembling the entire phone to replace.",8,,1.0
49,Wiko,Pulp 4G Phone,2015,"+ Replacing the battery is easy as pie with the swappable back cover.
+ This phone doesn't use excessive glue nor proprietary screws—we found only Phillips throughout the entirety.
- Unfortunately, the components on the daughterboard are soldered on, making a repair on an individual component difficult.",7,,1.0
48,Apple,iPhone 6s,2015,"+ The display assembly continues to be the first component out, simplifying screen repairs.
+ The battery is straightforward to access. Removing it requires a proprietary pentalobe screwdriver and knowledge of the adhesive removal technique, but is not difficult.
- The iPhone 6s still uses proprietary Pentalobe screws on the exterior, requiring a specialty screwdriver to remove.",7,,1.0
47,Apple,iPhone 6s Plus,2015,"+ The display assembly continues to be the first component out, simplifying screen repairs.
+ The battery is straightforward to access. Removing it requires a proprietary Pentalobe screwdriver and knowledge of the adhesive removal technique, but is not difficult.
- The iPhone 6s Plus still uses proprietary Pentalobe screws on the exterior, requiring a specialty screwdriver to remove.",7,,1.0
46,Nexus,5X,2015,"+ Many components are modular and can be replaced independently.
+ Standard Phillips screws means a driver is easy to find.
- Fused display assembly—glass and LCD will need to be replaced together if one or the other breaks.",7,,1.0
45,Nexus,6P,2015,"- It's very difficult—although not impossible—to open the device without damaging the glass camera cover. Because of the unibody design, this makes every component extremely difficult to replace.
- The display assembly cannot be replaced without tunneling through the entire phone. This makes one of the most common repairs, a damaged screen, difficult to accomplish.
- Tough adhesive holds the rear cover panels and battery in place.",2,,1.0
44,OnePlus,2,2015,"+ A single (non-proprietary) screw head decreases cost of tools for repairs.
+ Many components are modular and can be replaced independently.
- The LCD and digitizer glass are fused together and must be replaced as a single part; heat is required to remove it from the midframe.",7,,1.0
43,Shift,5.1,2015,"+ Cover and battery are easy to remove and can be swapped without using tools.
+ No excessive glue and  no proprietary screws are used, only Phillips #000.
- Lots of components and connectors are soldered to the motherboard. They could be soldered by hand if needed but this makes repairs more difficult.",6,,1.0
42,LG,G4,2015,"+ Rear panel and battery can be removed with no tools.
+ Many components are modular and can be replaced independently.
- Fused display assembly—glass and LCD will need to be replaced together if one or the other breaks.",8,,1.0
41,Samsung,Galaxy S6,2015,"+ Many components are modular and can be replaced independently.
- Front and back glass make for double the crackability, and strong adhesive on the rear glass makes it very difficult to gain entry into the device.
- Replacing the glass without destroying the display is probably impossible.",4,,1.0
40,Samsung,Galaxy S6 Edge,2015,"+ Many components are modular and can be replaced independently.
- Front and back glass make for double the crackability, and strong adhesive on the rear glass makes it very difficult to gain entry into the device.
- The battery is very tightly adhered to the back of the display, and buried beneath the midframe and motherboard.",3,,1.0
39,HTC,One M9,2015,"- The battery is buried beneath the motherboard and adhered to the midframe, hindering its replacement.
- The display assembly cannot be replaced without tunneling through the entire phone. This makes one of most common repairs—a damaged screen—very difficult to accomplish.
- Intense adhesives make many components difficult, and even dangerous, to remove and replace.",2,,1.0
38,Nexus,6,2014,"+ Pressure contacts and cable connectors make the modular components (cameras, buttons, headphone jack) easy to replace.
+ The Nexus 6 uses a single kind of screw, although it's a fairly uncommon size (T3).
- Several components (vibrator, SIM slot, speaker, USB port) are soldered directly to the motherboard and will be more difficult to replace than if they were connected by cable.",7,,1.0
37,Apple,iPhone 6 Plus,2014,"+ Continuing the trend from the iPhone 5 series, the display assembly comes out of the phone first, simplifying screen repairs.
+ The battery is straightforward to access. Removing it requires a proprietary pentalobe screwdriver and knowledge of the adhesive removal technique, but is not difficult.
- The iPhone 6 Plus still uses proprietary Pentalobe screws on the exterior, requiring a specialty screwdriver to remove.",7,,1.0
36,Apple,iPhone 6,2014,"+ Continuing the trend from the iPhone 5 series, the display assembly comes out of the phone first, simplifying screen repairs.
+ The battery is straightforward to access. Removing it requires a proprietary pentalobe screwdriver and knowledge of the adhesive removal technique, but is not difficult.
- The iPhone 6 still uses proprietary Pentalobe screws on the exterior, requiring a specialty screwdriver to remove.",7,,1.0
35,Samsung,Galaxy Alpha,2014,"+ The battery is incredibly easy to remove and replace.
- The display assembly is held in with a significant amount of adhesive and requires very careful prying and a considerable amount of heat to remove without cracking the thin glass or cutting cables.
- Replacing anything other than the battery requires first removing the display, risking extra damage on the way to a repair.",5,,1.0
34,Amazon,Fire Phone,2014,"+ External, non-proprietary screws means no adhesive holding the device together, and an easier time getting in.
- Tons of cables and connectors make disassembly tedious and reassembly difficult.
- The four Dynamic Perspective cameras are encased in glue. Replacement will mean heat and cutting.",3,,1.0
33,Samsung,Galaxy S5 Mini,2014,"+ The battery is incredibly easy to remove and replace.
• The display is now one of the first components out, making its replacement a little faster. However, it is held in with a significant amount of adhesive and requires very careful and persistent prying, as well as a considerable amount of heat to remove without cracking the glass or cutting cables.
- Replacing anything other than the battery requires first removing the display, risking extra damage on the way to a repair.",5,,1.0
32,OnePlus,One,2014,"+ No proprietary screws and only one screw head type decreases cost of tools for repairs.
- With its connector trapped under a plastic panel and several screws, the battery is more of a chore to replace than necessary.
- The LCD and digitizer glass are fused together and must be replaced as a single part, and they require heat to remove from the midframe.",5,,1.0
31,Samsung,Galaxy S5,2014,"+ The battery is incredibly easy to remove and replace.
• The display is now one of the first components out, making replacements a little faster. However, it is held in with a significant amount of adhesive and requires very careful and persistent prying and a considerable amount of heat to remove without cracking the glass or cutting cables.
- Replacing anything other than the battery requires first removing the display, risking extra damage on the way to a repair.",5,,1.0
30,HTC,One M8,2014,"- It's very difficult—although no longer impossible—to open the device without damaging the rear case. This makes every component extremely difficult to replace.
- The battery is buried beneath the motherboard and adhered to the midframe, hindering its replacement.
- The display assembly cannot be replaced without tunneling through the entire phone. This makes one of most common repairs, a damaged screen, very difficult to accomplish.",2,,1.0
29,Fairphone,1,2013,"+ The battery can be replaced without any tools.
+ It's very easy to open and access the internal components.
- Several smaller components are soldered to the motherboard, increasing repair difficulty (front-facing camera, vibrator motor, LED flash, and headphone jack).",7,,1.0
28,Nexus,5,2013,"+ Very modular design allows independent replacement of several wear-prone components—like the headphone jack and speakers.
+ Only very mild adhesive holds the battery in place, making it fairly easy to safely remove and replace.
- The glass and LCD are fused to the display frame. Fixing broken glass will be either expensive or very difficult.",8,,1.0
27,Apple,iPhone 5c,2013,"+ Just like in the iPhone 5, the display assembly is the first component out of the phone, simplifying screen replacements.
+ The battery is still fairly easy to access, even though it's not technically ""user replaceable.""
- Adhesive on the antenna connectors hinder disassembly.",6,,1.0
26,Apple,iPhone 5s,2013,"+ Just like in the iPhone 5, the display assembly is the first component out of the phone, simplifying screen replacements.
+ The battery is still fairly easy to access, even though it's not technically ""user replaceable.""
- The fingerprint sensor cable could be easily ripped out of its socket if a user is not careful while opening the phone.",6,,1.0
25,Motorola,Moto X 1st Generation,2013,"+ Pressure contacts and cable connectors make the modular components (cameras, buttons, headphone jack and speakers) easy to replace.
+ The Moto X uses a single kind of screw, although it's a fairly uncommon size (T3).
- Sticky adhesive on the back cover is annoying and will slow opening the phone.",7,,1.0
24,Samsung,Galaxy S4,2013,"+ The battery can be replaced in seconds, without any tools.
+ Very easy to open and access internal components.
- The glass is fused to both the display and the display frame, increasing repair costs.",8,,1.0
23,HTC,One,2013,"- Very, very difficult (possibly impossible?) to open the device without damaging the rear case. This makes every component extremely difficult to replace.
- The battery is buried beneath the motherboard and adhered to the midframe, hindering its replacement.
- The display assembly cannot be replaced without removing the rear case—this will make the most common repair, a damaged screen, nearly impossible.",1,,1.0
22,BlackBerry,Z10,2013,"+ The battery can be replaced without any tools.
+ Motherboard and display come out with little difficulty and are held in place with little adhesive.
- Smaller components (headphone jack, camera) are modular and can be replaced individually, but have somewhat strong adhesive holding them in place.",8,,1.0
21,Nexus,4,2012,"+ Removing the back cover requires nothing more than a common screwdriver, a plastic opening tool, and some patience.
+ The entire device only contains four different length screws—all common screw types—for a total of only 15 screws.
- The battery is stuck to the frame with a lot of adhesive, so removing it without puncturing the battery can be difficult.",7,,1.0
20,Samsung,Galaxy Note II,2012,"+ Battery is easy to replace.
+ Very easy to open for access to internal components.
- Components adhered to the back of a fused display assembly.",8,,1.0
19,Apple,iPhone 5,2012,"+ We're quite happy that the glass/display is the first thing that comes off the iPhone 5. The majority of iPhone repairs are due to a shattered front glass.
+ The battery comes out with a bit of prying once the front panel is removed.
- The iPhone 5 still uses Pentalobe screws on the exterior, making it more difficult to open the device.",7,,1.0
18,Samsung,Galaxy S III,2012,"+ The battery can be replaced without any tools.
+ Very easy to open and access internal components.
- The glass is fused to both the display and the display frame, increasing repair costs.",8,,1.0
17,Motorola,Droid 4,2012,"+ The lack of security or proprietary screws is a welcome sight.
- Keyboard contacts are located on the motherboard, making keyboard replacement costly and difficult.
- Tons of glue adheres the glue that is securing the glue to the glue that holds the phone together.",4,,1.0
16,Samsung,Galaxy Nexus,2011,"+ Battery replacement is incredibly simple thanks to the removable rear panel.
+ Minimal adhesive makes removal of the motherboard and other components a snap.
- Removing the rear case to access the motherboard and other internals requires a lot of careful prying and guitar-picking.",7,,1.0
15,Motorola,Droid RAZR,2011,"+ Once the battery and motherboard are within reach, replacement is easy—no soldering required.
- The front panel is adhered to the AMOLED display, so they must be replaced as one expensive unit.
- All plastic frames and casing proved to be incredibly tedious to remove, and felt like they would break at any moment.",4,,1.0
14,Apple,iPhone 4S,2011,"+ The iPhone 4S is still held together primarily with screws and limited adhesive.
+ The rear panel and battery are both easy to remove and replace (provided you have the correct screwdriver).
- Apple is again using Pentalobe screws to secure the rear panel and keep people out",6,,1.0
13,Samsung,Galaxy Note,2011,"+ Battery is easy to replace.
+ Very easy to open for access to internal components.
- Components adhered to the back of a fused display assembly.",8,,1.0
12,Motorola,Droid Bionic,2011,"+ No tools are necessary for changing the SIM and microSD cards.
+ The battery can be removed in seconds.
+ The phone is held together with a limited number of screws and plastic clips. Adhesive is minimally used in its construction.",9,,1.0
11,Motorola,Droid 3,2011,"+ There were no security screws in the entire device.
+ The battery was not soldered to anything and was easy to replace.
- There is a lot of adhesive holding things together, making disassembly and reassembly difficult.",6,,1.0
10,Samsung,Galaxy S II,2011,"+ Battery is easy to replace.
+ Very easy to open for access to internal components.
- Components adhered to the back of a fused display assembly.",8,,1.0
9,Samsung,Galaxy S 4G,2011,"+ Removing the rear panel to replace the microSD/SIM cards and the battery requires no tools.
+ Attaching components like the headphone jack to separate cables makes their replacement less costly than replacing the entire motherboard.
- The front panel is adhered to the AMOLED display, so they must be replaced as one expensive unit.",6,,1.0
8,Apple,iPhone 4 Verizon,2011,"+ The iPhone 4 is held together primarily with [lots of] screws, sans tabs, and limited adhesive.
+ The rear panel and battery are both easy to remove and replace (provided you have the right screwdriver).
- Apple is using Pentalobe screws to secure the rear panel and keep people out.",6,,1.0
7,Motorola,Atrix 4G,2011,"+ The LCD is separable from the glass front panel, making them independently replaceable.
+ The phone is held together with a limited number of screws and plastic clips. Adhesive is minimally used in its construction.
+ The battery can be removed in seconds.",9,,1.0
6,Nexus,S,2010,"+ Battery is very easily replaceable -- just remove the back cover to swap it out.
+ The motherboard comes out easily once you're inside, as it's held in place by regular screws and connectors.
- Front panel is attached with adhesive instead of screws, so it's harder to take off than on the iPhone.",7,,1.0
5,HTC,Surround,2010,"+ Relatively easy to remove the rear case to replace the battery.
- Unable to access the internal MicroSDHC card without voiding the warranty.
- It is very difficult to access the front panel and LCD for replacement.",5,,1.0
4,Nokia,N8,2010,"+ The battery, although considered by Nokia not to be user-serviceable, can be easily removed.
+ The AMOLED display easily comes apart from the glass, which means that you can replace the glass and the display independently.
- Removing the cameras is near-impossible, and requires tedious, potentially detrimental steps.",8,,1.0
3,Apple,iPhone 3GS,2009,"+ LCD and front glass are not fused and can be replaced individually.
+ Standard Phillips screws used throughout.
- Battery is buried under the logic board, making it difficult to replace.",7,,1.0
2,Apple,iPhone 3G,2008,"+ LCD and front glass are not fused and can be replaced individually.
+ Standard Phillips screws used throughout.
- Battery is buried under the logic board, making it difficult to replace.",7,,1.0
1,Apple,iPhone (1st Generation),2007,"+ Standard Phillips screws used throughout.
- Hidden clips make it nearly impossible to open rear case without damaging it.
- Soldered battery is very difficult to replace.",2,,1.0